{
  "run_id": "3ab091b2-25c8-43fc-a31b-748f5eb65b27",
  "p50_latency": 0.03304099664092064,
  "p95_latency": 0.2072909992421046,
  "mean_idl_iterations": 1
}