{
  "run_id": "f16e7004-b014-4513-9fe4-4c640c1b49d8",
  "p50_latency": 0.017625003238208592,
  "p95_latency": 0.15700000221841037,
  "mean_idl_iterations": 1
}